timestamp_ms,git_sha,profile,docs,index_terms,phase,start_elapsed_ms,end_elapsed_ms,duration_ms,alloc_count,retained_bytes,peak_growth_bytes,heap_start_bytes,heap_end_bytes,heap_peak_bytes,run_peak_heap_bytes,peak_rss_kib
1788823187704,012d1d1-dirty,synthetic,100,17783,input,0.004,14.701,14.697,30308,2014640,2894632,612,2015252,2895244,13663710,27872
1788823187704,012d1d1-dirty,synthetic,100,17783,ingest,14.701,64.636,49.934,413292,5648333,6442984,2015252,7663585,8458236,13663710,27872
1788823187704,012d1d1-dirty,synthetic,100,17783,finish,64.636,81.442,16.806,66815,5666272,6000125,7663585,13329857,13663710,13663710,27872
1788823825624,012d1d1-dirty,synthetic,1000,20000,summary,,,,4297984,,,,,,97936849,156080
1788837312402,d6cf369,synthetic,1000,20000,input,0.256,138.659,138.403,33011,20125920,21005912,621,20126541,21006533,98616156,141504
1788837312402,d6cf369,synthetic,1000,20000,ingest,138.659,347.532,208.873,1172088,57276239,57429367,20126541,77402780,77555908,98616156,141504
1788837312402,d6cf369,synthetic,1000,20000,finish,347.532,494.343,146.811,131839,21213080,21213376,77402780,98615860,98616156,98616156,141504
1788837503688,d6cf369-dirty,actual,6122,432228,load_and_ingest,0.002,83233.517,83233.515,8836223,506064737,508363148,618,506065355,508363766,704793454,1021072
1788837503688,d6cf369-dirty,actual,6122,432228,finish,83233.548,85218.159,1984.611,1487457,198709920,198728035,506065419,704775339,704793454,704793454,1021072
